,0
Noble Solar,14
solar509,13
Quantum,12
Radian,12
Adamstown Solar,10
Morrow Lake Solar,7
El Zorro Solar,6
Sandine Solar,4
IP Titan,4
Tyson Nick Solar,4
Elrond,4
RE Maplewood 2a Solar,4
Taygete II Solar,4
Quantum Increase,4
Morrow Lake Solar II,3
Eunice Solar,3
Prickly Pear,3
Nazareth Solar,3
Starr Solar Ranch,2
Thickgrass Solar,2
Galloway Solar,2
Frye Solar,2
Kellam Solar,2
Robles Solar,1
Pine Forest Solar,1
Samson Solar 3,1
Samson Solar 2,1
solar435,1
Phoenix Solar,1
Impact Solar,1
Hopkins,1
solar438,1
solar434,1
Samson Solar,1
Delilah Solar 1,1
Angelina Solar,1
RE Maplewood 2b Solar ,1
Prospero Solar,1
Kochab Solar,1
Greyhound Solar,1
Dawn Solar,1
Tri-County Solar,1
